"175";"RIVER PLATE VS INDEPENDIENTE";"2210-http://www.cariverplate.com.ar/river-plate-vs-independiente-cuartos-final-copa-libertadores-2018";"2018-10-02";"2210";"Playon de Prensa";"16:53:15";"FOX SPORTS - TRANSMISION";"0";"0";"0"
"176";"RIVER PLATE VS INDEPENDIENTE";"2308-http://www.cariverplate.com.ar/river-plate-vs-independiente-cuartos-final-copa-libertadores-2018";"2018-10-02";"2308";"Puerta de Prensa";"16:44:16";"A TODO - ROJO";"8";"3";"0"
"177";"RIVER PLATE VS INDEPENDIENTE";"2309-http://www.cariverplate.com.ar/river-plate-vs-independiente-cuartos-final-copa-libertadores-2018";"2018-10-02";"2309";"Puerta de Prensa";"16:58:8";"A TODO - ROJO";"9";"3";"0"
"178";"RIVER PLATE VS INDEPENDIENTE";"2339-http://www.cariverplate.com.ar/river-plate-vs-independiente-cuartos-final-copa-libertadores-2018";"2018-10-02";"2339";"Puerta de Prensa";"16:58:21";"ZONA - INDEPENDIENTE";"39";"3";"0"
"179";"RIVER PLATE VS INDEPENDIENTE";"2338-http://www.cariverplate.com.ar/river-plate-vs-independiente-cuartos-final-copa-libertadores-2018";"2018-10-02";"2338";"Puerta de Prensa";"16:58:38";"SINTONIA - ROJA";"38";"3";"0"
"180";"RIVER PLATE VS INDEPENDIENTE";"2251-http://www.cariverplate.com.ar/river-plate-vs-independiente-cuartos-final-copa-libertadores-2018";"2018-10-02";"2251";"Puerta de Prensa";"16:59:4";"SOLO - ROJO";"0";"0";"6"
"181";"RIVER PLATE VS INDEPENDIENTE";"2248-http://www.cariverplate.com.ar/river-plate-vs-independiente-cuartos-final-copa-libertadores-2018";"2018-10-02";"2248";"Puerta de Prensa";"16:59:22";"SOLO - ROJO";"0";"0";"6"
"182";"RIVER PLATE VS INDEPENDIENTE";"2209-http://www.cariverplate.com.ar/river-plate-vs-independiente-cuartos-final-copa-libertadores-2018";"2018-10-02";"2209";"Playon de Prensa";"16:53:55";"FOX SPORTS - TRANSMISION";"0";"0";"0"
"183";"RIVER PLATE VS INDEPENDIENTE";"2168-http://www.cariverplate.com.ar/river-plate-vs-independiente-cuartos-final-copa-libertadores-2018";"2018-10-02";"2168";"Playon de Prensa";"16:59:44";"FOX SPORTS - TRANSMISION";"0";"0";"0"
"184";"RIVER PLATE VS INDEPENDIENTE";"2728-http://www.cariverplate.com.ar/river-plate-vs-independiente-cuartos-final-copa-libertadores-2018";"2018-10-02";"2728";"Puerta de Prensa";"16:59:37";"SOLO - ROJO";"0";"0";"6"
"185";"RIVER PLATE VS INDEPENDIENTE";"2169-http://www.cariverplate.com.ar/river-plate-vs-independiente-cuartos-final-copa-libertadores-2018";"2018-10-02";"2169";"Playon de Prensa";"16:59:55";"FOX SPORTS - TRANSMISION";"0";"0";"0"
"186";"RIVER PLATE VS INDEPENDIENTE";"2250-http://www.cariverplate.com.ar/river-plate-vs-independiente-cuartos-final-copa-libertadores-2018";"2018-10-02";"2250";"Puerta de Prensa";"17:0:3";"SOLO - ROJO";"0";"0";"6"
"187";"RIVER PLATE VS INDEPENDIENTE";"2739-http://www.cariverplate.com.ar/river-plate-vs-independiente-cuartos-final-copa-libertadores-2018";"2018-10-02";"2739";"Puerta de Prensa";"17:0:22";"NOTIRIVER";"35";"1";"0"
"188";"RIVER PLATE VS INDEPENDIENTE";"2312-http://www.cariverplate.com.ar/river-plate-vs-independiente-cuartos-final-copa-libertadores-2018";"2018-10-02";"2312";"Puerta de Prensa";"17:0:32";"MUY - INDEPENDIENTE";"12";"3";"0"
"189";"RIVER PLATE VS INDEPENDIENTE";"2175-http://www.cariverplate.com.ar/river-plate-vs-independiente-cuartos-final-copa-libertadores-2018";"2018-10-02";"2175";"Playon de Prensa";"17:0:12";"FOX SPORTS - TRANSMISION";"0";"0";"0"
"190";"RIVER PLATE VS INDEPENDIENTE";"2382-http://www.cariverplate.com.ar/river-plate-vs-independiente-cuartos-final-copa-libertadores-2018";"2018-10-02";"2382";"Playon de Prensa";"17:1:0";"ESPN - SPORTSCENTER";"0";"0";"0"
"191";"RIVER PLATE VS INDEPENDIENTE";"2154-http://www.cariverplate.com.ar/river-plate-vs-independiente-cuartos-final-copa-libertadores-2018";"2018-10-02";"2154";"Playon de Prensa";"17:1:17";"FOX SPORTS - TRANSMISION";"0";"0";"10"
"192";"RIVER PLATE VS INDEPENDIENTE";"2312-http://www.cariverplate.com.ar/river-plate-vs-independiente-cuartos-final-copa-libertadores-2018";"2018-10-02";"2312";"Palco 20";"16:46:23";"MUY - INDEPENDIENTE";"12";"3";"0"
"193";"RIVER PLATE VS INDEPENDIENTE";"2382-http://www.cariverplate.com.ar/river-plate-vs-independiente-cuartos-final-copa-libertadores-2018";"2018-10-02";"2382";"Playon de Prensa";"17:2:30";"ESPN - SPORTSCENTER";"0";"0";"0"
"194";"RIVER PLATE VS INDEPENDIENTE";"2182-http://www.cariverplate.com.ar/river-plate-vs-independiente-cuartos-final-copa-libertadores-2018";"2018-10-02";"2182";"Playon de Prensa";"17:6:13";"FOX SPORTS - TRANSMISION";"0";"0";"0"
"195";"RIVER PLATE VS INDEPENDIENTE";"2447-http://www.cariverplate.com.ar/river-plate-vs-independiente-cuartos-final-copa-libertadores-2018";"2018-10-02";"2447";"Puerta de Prensa";"17:0:42";"PANTALLA - RIVER";"0";"0";"0"
"196";"RIVER PLATE VS INDEPENDIENTE";"2739-http://www.cariverplate.com.ar/river-plate-vs-independiente-cuartos-final-copa-libertadores-2018";"2018-10-02";"2739";"Palco 20";"17:8:57";"NOTIRIVER";"35";"1";"0"
"197";"RIVER PLATE VS INDEPENDIENTE";"2197-http://www.cariverplate.com.ar/river-plate-vs-independiente-cuartos-final-copa-libertadores-2018";"2018-10-02";"2197";"Playon de Prensa";"17:7:32";"FOX SPORTS - TRANSMISION";"0";"0";"0"
"198";"RIVER PLATE VS INDEPENDIENTE";"2242-http://www.cariverplate.com.ar/river-plate-vs-independiente-cuartos-final-copa-libertadores-2018";"2018-10-02";"2242";"Puerta de Prensa";"17:8:39";"FUTBOL AL - ROJO VIVO";"0";"0";"3"
"199";"RIVER PLATE VS INDEPENDIENTE";"2244-http://www.cariverplate.com.ar/river-plate-vs-independiente-cuartos-final-copa-libertadores-2018";"2018-10-02";"2244";"Puerta de Prensa";"17:13:11";"FUTBOL AL - ROJO VIVO";"0";"0";"3"
"200";"RIVER PLATE VS INDEPENDIENTE";"2241-http://www.cariverplate.com.ar/river-plate-vs-independiente-cuartos-final-copa-libertadores-2018";"2018-10-02";"2241";"Puerta de Prensa";"17:13:21";"FUTBOL AL - ROJO VIVO";"0";"0";"3"
"201";"RIVER PLATE VS INDEPENDIENTE";"2243-http://www.cariverplate.com.ar/river-plate-vs-independiente-cuartos-final-copa-libertadores-2018";"2018-10-02";"2243";"Puerta de Prensa";"17:13:33";"FUTBOL AL - ROJO VIVO";"0";"0";"3"
"202";"RIVER PLATE VS INDEPENDIENTE";"2205-http://www.cariverplate.com.ar/river-plate-vs-independiente-cuartos-final-copa-libertadores-2018";"2018-10-02";"2205";"Playon de Prensa";"17:12:50";"FOX SPORTS - TRANSMISION";"0";"0";"0"
"203";"RIVER PLATE VS INDEPENDIENTE";"2240-http://www.cariverplate.com.ar/river-plate-vs-independiente-cuartos-final-copa-libertadores-2018";"2018-10-02";"2240";"Playon de Prensa";"17:14:47";"PRENSA - INTERCLUBES";"0";"0";"2"
"204";"RIVER PLATE VS INDEPENDIENTE";"2156-http://www.cariverplate.com.ar/river-plate-vs-independiente-cuartos-final-copa-libertadores-2018";"2018-10-02";"2156";"Playon de Prensa";"17:15:24";"FOX SPORTS - TRANSMISION";"0";"0";"10"
"205";"RIVER PLATE VS INDEPENDIENTE";"2319-http://www.cariverplate.com.ar/river-plate-vs-independiente-cuartos-final-copa-libertadores-2018";"2018-10-02";"2319";"Palco 20";"17:9:11";"ROJOS DE - PASION";"19";"3";"0"
"206";"RIVER PLATE VS INDEPENDIENTE";"2158-http://www.cariverplate.com.ar/river-plate-vs-independiente-cuartos-final-copa-libertadores-2018";"2018-10-02";"2158";"Playon de Prensa";"17:15:43";"FOX SPORTS - TRANSMISION";"0";"0";"10"
"207";"RIVER PLATE VS INDEPENDIENTE";"2326-http://www.cariverplate.com.ar/river-plate-vs-independiente-cuartos-final-copa-libertadores-2018";"2018-10-02";"2326";"Palco 20";"17:16:12";"ORGULLO - ROJO";"26";"3";"0"
"208";"RIVER PLATE VS INDEPENDIENTE";"2192-http://www.cariverplate.com.ar/river-plate-vs-independiente-cuartos-final-copa-libertadores-2018";"2018-10-02";"2192";"Playon de Prensa";"17:17:25";"FOX SPORTS - TRANSMISION";"0";"0";"0"
"209";"RIVER PLATE VS INDEPENDIENTE";"2744-http://www.cariverplate.com.ar/river-plate-vs-independiente-cuartos-final-copa-libertadores-2018";"2018-10-02";"2744";"Playon de Prensa";"17:18:18";"FOX SPORTS - TRANSMISION";"0";"0";"0"
"210";"RIVER PLATE VS INDEPENDIENTE";"2188-http://www.cariverplate.com.ar/river-plate-vs-independiente-cuartos-final-copa-libertadores-2018";"2018-10-02";"2188";"Playon de Prensa";"17:18:27";"FOX SPORTS - TRANSMISION";"0";"0";"0"
"211";"RIVER PLATE VS INDEPENDIENTE";"2191-http://www.cariverplate.com.ar/river-plate-vs-independiente-cuartos-final-copa-libertadores-2018";"2018-10-02";"2191";"Playon de Prensa";"17:18:40";"FOX SPORTS - TRANSMISION";"0";"0";"0"
"212";"RIVER PLATE VS INDEPENDIENTE";"2152-http://www.cariverplate.com.ar/river-plate-vs-independiente-cuartos-final-copa-libertadores-2018";"2018-10-02";"2152";"Playon de Prensa";"17:18:53";"FOX SPORTS - TRANSMISION";"0";"0";"10"
"213";"RIVER PLATE VS INDEPENDIENTE";"2190-http://www.cariverplate.com.ar/river-plate-vs-independiente-cuartos-final-copa-libertadores-2018";"2018-10-02";"2190";"Playon de Prensa";"17:19:3";"FOX SPORTS - TRANSMISION";"0";"0";"0"
"214";"RIVER PLATE VS INDEPENDIENTE";"2563-http://www.cariverplate.com.ar/river-plate-vs-independiente-cuartos-final-copa-libertadores-2018";"2018-10-02";"2563";"Puerta de Prensa";"17:13:41";"RIVER FEDERAL";"0";"0";"0"
"215";"RIVER PLATE VS INDEPENDIENTE";"2252-http://www.cariverplate.com.ar/river-plate-vs-independiente-cuartos-final-copa-libertadores-2018";"2018-10-02";"2252";"Playon de Prensa";"17:19:18";"RADIO SPLENDID - AM 990";"0";"0";"8"
"216";"RIVER PLATE VS INDEPENDIENTE";"2437-http://www.cariverplate.com.ar/river-plate-vs-independiente-cuartos-final-copa-libertadores-2018";"2018-10-02";"2437";"Puerta de Prensa";"17:20:13";"PRODUCTORA DM";"0";"0";"0"
"217";"RIVER PLATE VS INDEPENDIENTE";"2439-http://www.cariverplate.com.ar/river-plate-vs-independiente-cuartos-final-copa-libertadores-2018";"2018-10-02";"2439";"Puerta de Prensa";"17:21:32";"PRODUCTORA DM";"0";"0";"0"
"218";"RIVER PLATE VS INDEPENDIENTE";"2436-http://www.cariverplate.com.ar/river-plate-vs-independiente-cuartos-final-copa-libertadores-2018";"2018-10-02";"2436";"Puerta de Prensa";"17:21:42";"PRODUCTORA DM";"0";"0";"0"
"219";"RIVER PLATE VS INDEPENDIENTE";"2438-http://www.cariverplate.com.ar/river-plate-vs-independiente-cuartos-final-copa-libertadores-2018";"2018-10-02";"2438";"Puerta de Prensa";"17:22:2";"PRODUCTORA DM";"0";"0";"0"
"220";"RIVER PLATE VS INDEPENDIENTE";"2515-http://www.cariverplate.com.ar/river-plate-vs-independiente-cuartos-final-copa-libertadores-2018";"2018-10-02";"2515";"Playon de Prensa";"17:20:41";"PORQUE A RIVER - LO QUIERO";"0";"0";"0"
"221";"RIVER PLATE VS INDEPENDIENTE";"2514-http://www.cariverplate.com.ar/river-plate-vs-independiente-cuartos-final-copa-libertadores-2018";"2018-10-02";"2514";"Playon de Prensa";"17:22:40";"PORQUE A RIVER - LO QUIERO";"0";"0";"0"
"222";"RIVER PLATE VS INDEPENDIENTE";"2344-http://www.cariverplate.com.ar/river-plate-vs-independiente-cuartos-final-copa-libertadores-2018";"2018-10-02";"2344";"Puerta de Prensa";"17:22:18";"RADIO - CADENA UNO";"37";"4";"0"
"223";"RIVER PLATE VS INDEPENDIENTE";"2345-http://www.cariverplate.com.ar/river-plate-vs-independiente-cuartos-final-copa-libertadores-2018";"2018-10-02";"2345";"Puerta de Prensa";"17:23:22";"RADIO - CADENA UNO";"38";"4";"0"
"224";"RIVER PLATE VS INDEPENDIENTE";"2346-http://www.cariverplate.com.ar/river-plate-vs-independiente-cuartos-final-copa-libertadores-2018";"2018-10-02";"2346";"Puerta de Prensa";"17:23:33";"RADIO - CADENA UNO";"39";"4";"0"
"225";"RIVER PLATE VS INDEPENDIENTE";"2662-http://www.cariverplate.com.ar/river-plate-vs-independiente-cuartos-final-copa-libertadores-2018";"2018-10-02";"2662";"Playon de Prensa";"17:22:51";"FOX SPORTS - TRANSMISION";"0";"0";"0"
"226";"RIVER PLATE VS INDEPENDIENTE";"2201-http://www.cariverplate.com.ar/river-plate-vs-independiente-cuartos-final-copa-libertadores-2018";"2018-10-02";"2201";"Playon de Prensa";"17:24:45";"FOX SPORTS - TRANSMISION";"0";"0";"0"
"227";"RIVER PLATE VS INDEPENDIENTE";"2444-http://www.cariverplate.com.ar/river-plate-vs-independiente-cuartos-final-copa-libertadores-2018";"2018-10-02";"2444";"Playon de Prensa";"17:25:3";"PANTALLA - RIVER";"0";"0";"0"
"228";"RIVER PLATE VS INDEPENDIENTE";"2344-http://www.cariverplate.com.ar/river-plate-vs-independiente-cuartos-final-copa-libertadores-2018";"2018-10-02";"2344";"Palco 20";"17:17:36";"RADIO - CADENA UNO";"37";"4";"0"
"229";"RIVER PLATE VS INDEPENDIENTE";"2345-http://www.cariverplate.com.ar/river-plate-vs-independiente-cuartos-final-copa-libertadores-2018";"2018-10-02";"2345";"Palco 20";"17:28:11";"RADIO - CADENA UNO";"38";"4";"0"
"230";"RIVER PLATE VS INDEPENDIENTE";"2314-http://www.cariverplate.com.ar/river-plate-vs-independiente-cuartos-final-copa-libertadores-2018";"2018-10-02";"2314";"Puerta de Prensa";"17:23:42";"MUY - INDEPENDIENTE";"14";"3";"0"
"231";"RIVER PLATE VS INDEPENDIENTE";"2346-http://www.cariverplate.com.ar/river-plate-vs-independiente-cuartos-final-copa-libertadores-2018";"2018-10-02";"2346";"Palco 20";"17:28:11";"RADIO - CADENA UNO";"39";"4";"0"
"232";"RIVER PLATE VS INDEPENDIENTE";"2180-http://www.cariverplate.com.ar/river-plate-vs-independiente-cuartos-final-copa-libertadores-2018";"2018-10-02";"2180";"Playon de Prensa";"17:26:22";"FOX SPORTS - TRANSMISION";"0";"0";"0"
"233";"RIVER PLATE VS INDEPENDIENTE";"2448-http://www.cariverplate.com.ar/river-plate-vs-independiente-cuartos-final-copa-libertadores-2018";"2018-10-02";"2448";"Puerta de Prensa";"17:30:26";"PANTALLA - RIVER";"0";"0";"0"
"234";"RIVER PLATE VS INDEPENDIENTE";"2159-http://www.cariverplate.com.ar/river-plate-vs-independiente-cuartos-final-copa-libertadores-2018";"2018-10-02";"2159";"Playon de Prensa";"17:30:29";"FOX SPORTS - TRANSMISION";"0";"0";"10"
"235";"RIVER PLATE VS INDEPENDIENTE";"2450-http://www.cariverplate.com.ar/river-plate-vs-independiente-cuartos-final-copa-libertadores-2018";"2018-10-02";"2450";"Puerta de Prensa";"17:32:25";"SONIDO - RIVER";"0";"0";"0"
"236";"RIVER PLATE VS INDEPENDIENTE";"2690-http://www.cariverplate.com.ar/river-plate-vs-independiente-cuartos-final-copa-libertadores-2018";"2018-10-02";"2690";"Puerta de Prensa";"17:32:35";"RADIO - SAN NICOLAS 96.3";"0";"0";"0"
"237";"RIVER PLATE VS INDEPENDIENTE";"2692-http://www.cariverplate.com.ar/river-plate-vs-independiente-cuartos-final-copa-libertadores-2018";"2018-10-02";"2692";"Puerta de Prensa";"17:33:25";"RADIO - SAN NICOLAS 96.3";"0";"0";"0"
"238";"RIVER PLATE VS INDEPENDIENTE";"2632-http://www.cariverplate.com.ar/river-plate-vs-independiente-cuartos-final-copa-libertadores-2018";"2018-10-02";"2632";"Puerta de Prensa";"17:33:36";"CADENA 3 - CORDOBA";"51";"3";"0"
"239";"RIVER PLATE VS INDEPENDIENTE";"2294-http://www.cariverplate.com.ar/river-plate-vs-independiente-cuartos-final-copa-libertadores-2018";"2018-10-02";"2294";"Puerta de Prensa";"17:37:16";"DOBLE - AMARILLA";"22";"2";"0"
"240";"RIVER PLATE VS INDEPENDIENTE";"2713-http://www.cariverplate.com.ar/river-plate-vs-independiente-cuartos-final-copa-libertadores-2018";"2018-10-02";"2713";"Puerta de Prensa";"17:37:26";"DIARIO UNO - MENDOZA";"0";"0";"0"
"241";"RIVER PLATE VS INDEPENDIENTE";"2652-http://www.cariverplate.com.ar/river-plate-vs-independiente-cuartos-final-copa-libertadores-2018";"2018-10-02";"2652";"Playon de Prensa";"17:32:29";"DIRECTV ";"0";"0";"0"
"242";"RIVER PLATE VS INDEPENDIENTE";"2247-http://www.cariverplate.com.ar/river-plate-vs-independiente-cuartos-final-copa-libertadores-2018";"2018-10-02";"2247";"Puerta de Prensa";"17:38:21";"SOLO - ROJO";"0";"0";"6"
"243";"RIVER PLATE VS INDEPENDIENTE";"2246-http://www.cariverplate.com.ar/river-plate-vs-independiente-cuartos-final-copa-libertadores-2018";"2018-10-02";"2246";"Puerta de Prensa";"17:40:24";"SOLO - ROJO";"0";"0";"6"
"244";"RIVER PLATE VS INDEPENDIENTE";"2171-http://www.cariverplate.com.ar/river-plate-vs-independiente-cuartos-final-copa-libertadores-2018";"2018-10-02";"2171";"Playon de Prensa";"17:38:41";"FOX SPORTS - TRANSMISION";"0";"0";"0"
"245";"RIVER PLATE VS INDEPENDIENTE";"2331-http://www.cariverplate.com.ar/river-plate-vs-independiente-cuartos-final-copa-libertadores-2018";"2018-10-02";"2331";"Puerta de Prensa";"17:40:56";"DE LA CUNA - AL INFIERNO";"31";"3";"0"
"246";"RIVER PLATE VS INDEPENDIENTE";"2158-http://www.cariverplate.com.ar/river-plate-vs-independiente-cuartos-final-copa-libertadores-2018";"2018-10-02";"2158";"Puerta de Prensa";"17:43:3";"FOX SPORTS - TRANSMISION";"0";"0";"10"
"247";"RIVER PLATE VS INDEPENDIENTE";"2176-http://www.cariverplate.com.ar/river-plate-vs-independiente-cuartos-final-copa-libertadores-2018";"2018-10-02";"2176";"Puerta de Prensa";"17:45:55";"FOX SPORTS - TRANSMISION";"0";"0";"0"
"248";"RIVER PLATE VS INDEPENDIENTE";"2260-http://www.cariverplate.com.ar/river-plate-vs-independiente-cuartos-final-copa-libertadores-2018";"2018-10-02";"2260";"Puerta de Prensa";"17:46:6";"RADIO MITRE";"0";"0";"12"
"249";"RIVER PLATE VS INDEPENDIENTE";"2261-http://www.cariverplate.com.ar/river-plate-vs-independiente-cuartos-final-copa-libertadores-2018";"2018-10-02";"2261";"Puerta de Prensa";"17:46:32";"RADIO MITRE";"0";"0";"12"
"250";"RIVER PLATE VS INDEPENDIENTE";"2284-http://www.cariverplate.com.ar/river-plate-vs-independiente-cuartos-final-copa-libertadores-2018";"2018-10-02";"2284";"Puerta de Prensa";"17:46:41";"SIMPLEMETE - MILLONARIO";"43";"1";"0"
"251";"RIVER PLATE VS INDEPENDIENTE";"2283-http://www.cariverplate.com.ar/river-plate-vs-independiente-cuartos-final-copa-libertadores-2018";"2018-10-02";"2283";"Puerta de Prensa";"17:47:40";"SIMPLEMETE - MILLONARIO";"42";"1";"0"
"252";"RIVER PLATE VS INDEPENDIENTE";"2501-http://www.cariverplate.com.ar/river-plate-vs-independiente-cuartos-final-copa-libertadores-2018";"2018-10-02";"2501";"Puerta de Prensa";"17:47:48";"RIVER EN LA UNO - FM 103,1";"0";"0";"0"
"253";"RIVER PLATE VS INDEPENDIENTE";"2343-http://www.cariverplate.com.ar/river-plate-vs-independiente-cuartos-final-copa-libertadores-2018";"2018-10-02";"2343";"Puerta de Prensa";"17:48:18";"RADIO - CADENA UNO";"36";"4";"0"
"254";"RIVER PLATE VS INDEPENDIENTE";"2322-http://www.cariverplate.com.ar/river-plate-vs-independiente-cuartos-final-copa-libertadores-2018";"2018-10-02";"2322";"Puerta de Prensa";"17:49:31";"ECOS DEL - ROJO";"22";"3";"0"
"255";"RIVER PLATE VS INDEPENDIENTE";"2328-http://www.cariverplate.com.ar/river-plate-vs-independiente-cuartos-final-copa-libertadores-2018";"2018-10-02";"2328";"Puerta de Prensa";"17:49:39";"CAMPANAS DEL - INFIERNO";"28";"3";"0"
"256";"RIVER PLATE VS INDEPENDIENTE";"2321-http://www.cariverplate.com.ar/river-plate-vs-independiente-cuartos-final-copa-libertadores-2018";"2018-10-02";"2321";"Puerta de Prensa";"17:50:8";"ECOS DEL - ROJO";"21";"3";"0"
"257";"RIVER PLATE VS INDEPENDIENTE";"2320-http://www.cariverplate.com.ar/river-plate-vs-independiente-cuartos-final-copa-libertadores-2018";"2018-10-02";"2320";"Puerta de Prensa";"17:50:20";"ECOS DEL - ROJO";"20";"3";"0"
"258";"RIVER PLATE VS INDEPENDIENTE";"2670-http://www.cariverplate.com.ar/river-plate-vs-independiente-cuartos-final-copa-libertadores-2018";"2018-10-02";"2670";"Puerta de Prensa";"17:50:33";"FOX SPORTS - TRANSMISION";"0";"0";"0"
"259";"RIVER PLATE VS INDEPENDIENTE";"2355-http://www.cariverplate.com.ar/river-plate-vs-independiente-cuartos-final-copa-libertadores-2018";"2018-10-02";"2355";"Puerta de Prensa";"17:53:23";"RADIO LA REDONDA - FM 100.3";"49";"4";"0"
"260";"RIVER PLATE VS INDEPENDIENTE";"2354-http://www.cariverplate.com.ar/river-plate-vs-independiente-cuartos-final-copa-libertadores-2018";"2018-10-02";"2354";"Puerta de Prensa";"17:53:57";"RADIO LA REDONDA - FM 100.3";"48";"4";"0"
"261";"RIVER PLATE VS INDEPENDIENTE";"2440-http://www.cariverplate.com.ar/river-plate-vs-independiente-cuartos-final-copa-libertadores-2018";"2018-10-02";"2440";"Puerta de Prensa";"17:54:6";"PRODUCTORA DM";"0";"0";"0"
"262";"RIVER PLATE VS INDEPENDIENTE";"2353-http://www.cariverplate.com.ar/river-plate-vs-independiente-cuartos-final-copa-libertadores-2018";"2018-10-02";"2353";"Puerta de Prensa";"17:54:16";"RADIO LA REDONDA - FM 100.3";"47";"4";"0"
"263";"RIVER PLATE VS INDEPENDIENTE";"2491-http://www.cariverplate.com.ar/river-plate-vs-independiente-cuartos-final-copa-libertadores-2018";"2018-10-02";"2491";"Playon de Prensa";"17:41:47";"LIBERTAD - RIVERPLATENSE ";"0";"0";"0"
"264";"RIVER PLATE VS INDEPENDIENTE";"2361-http://www.cariverplate.com.ar/river-plate-vs-independiente-cuartos-final-copa-libertadores-2018";"2018-10-02";"2361";"Playon de Prensa";"17:54:47";"FUTBOL PASIÓN - FM 92.3";"2";"5";"0"
"265";"RIVER PLATE VS INDEPENDIENTE";"2363-http://www.cariverplate.com.ar/river-plate-vs-independiente-cuartos-final-copa-libertadores-2018";"2018-10-02";"2363";"Playon de Prensa";"17:55:3";"FUTBOL PASIÓN - FM 92.3";"4";"5";"0"
"266";"RIVER PLATE VS INDEPENDIENTE";"2360-http://www.cariverplate.com.ar/river-plate-vs-independiente-cuartos-final-copa-libertadores-2018";"2018-10-02";"2360";"Playon de Prensa";"17:55:13";"FUTBOL PASIÓN - FM 92.3";"1";"5";"0"
"267";"RIVER PLATE VS INDEPENDIENTE";"2362-http://www.cariverplate.com.ar/river-plate-vs-independiente-cuartos-final-copa-libertadores-2018";"2018-10-02";"2362";"Playon de Prensa";"17:55:23";"FUTBOL PASIÓN - FM 92.3";"3";"5";"0"
"268";"RIVER PLATE VS INDEPENDIENTE";"2311-http://www.cariverplate.com.ar/river-plate-vs-independiente-cuartos-final-copa-libertadores-2018";"2018-10-02";"2311";"Puerta de Prensa";"17:54:27";"A TODO - ROJO";"11";"3";"0"
"269";"RIVER PLATE VS INDEPENDIENTE";"2153-http://www.cariverplate.com.ar/river-plate-vs-independiente-cuartos-final-copa-libertadores-2018";"2018-10-02";"2153";"Puerta de Prensa";"17:56:14";"FOX SPORTS - TRANSMISION";"0";"0";"10"
"270";"RIVER PLATE VS INDEPENDIENTE";"2673-http://www.cariverplate.com.ar/river-plate-vs-independiente-cuartos-final-copa-libertadores-2018";"2018-10-02";"2673";"Puerta de Prensa";"17:56:22";"FM BUENOS - AIRES";"0";"0";"0"
"271";"RIVER PLATE VS INDEPENDIENTE";"2196-http://www.cariverplate.com.ar/river-plate-vs-independiente-cuartos-final-copa-libertadores-2018";"2018-10-02";"2196";"Playon de Prensa";"17:55:37";"FOX SPORTS - TRANSMISION";"0";"0";"0"
"272";"RIVER PLATE VS INDEPENDIENTE";"2555-http://www.cariverplate.com.ar/river-plate-vs-independiente-cuartos-final-copa-libertadores-2018";"2018-10-02";"2555";"Puerta de Prensa";"17:57:33";"MAGIA - RIVERPLATENSE";"0";"0";"0"
"273";"RIVER PLATE VS INDEPENDIENTE";"2330-http://www.cariverplate.com.ar/river-plate-vs-independiente-cuartos-final-copa-libertadores-2018";"2018-10-02";"2330";"Puerta de Prensa";"17:58:13";"CORREO - INDEPENDIENTE";"30";"3";"0"
"274";"RIVER PLATE VS INDEPENDIENTE";"2554-http://www.cariverplate.com.ar/river-plate-vs-independiente-cuartos-final-copa-libertadores-2018";"2018-10-02";"2554";"Puerta de Prensa";"17:58:28";"MAGIA - RIVERPLATENSE";"0";"0";"0"
"275";"RIVER PLATE VS INDEPENDIENTE";"2548-http://www.cariverplate.com.ar/river-plate-vs-independiente-cuartos-final-copa-libertadores-2018";"2018-10-02";"2548";"Puerta de Prensa";"17:58:36";"AM 750 (T.F.)";"0";"0";"0"
"276";"RIVER PLATE VS INDEPENDIENTE";"2547-http://www.cariverplate.com.ar/river-plate-vs-independiente-cuartos-final-copa-libertadores-2018";"2018-10-02";"2547";"Puerta de Prensa";"18:0:58";"AM 750 (T.F.)";"0";"0";"0"
"277";"RIVER PLATE VS INDEPENDIENTE";"2526-http://www.cariverplate.com.ar/river-plate-vs-independiente-cuartos-final-copa-libertadores-2018";"2018-10-02";"2526";"Puerta de Prensa";"18:2:0";"COPA - ARGENTINA";"0";"0";"0"
"278";"RIVER PLATE VS INDEPENDIENTE";"2527-http://www.cariverplate.com.ar/river-plate-vs-independiente-cuartos-final-copa-libertadores-2018";"2018-10-02";"2527";"Puerta de Prensa";"18:2:14";"COPA - ARGENTINA";"0";"0";"0"
"279";"RIVER PLATE VS INDEPENDIENTE";"2249-http://www.cariverplate.com.ar/river-plate-vs-independiente-cuartos-final-copa-libertadores-2018";"2018-10-02";"2249";"Puerta de Prensa";"18:2:23";"SOLO - ROJO";"0";"0";"6"
"280";"RIVER PLATE VS INDEPENDIENTE";"2317-http://www.cariverplate.com.ar/river-plate-vs-independiente-cuartos-final-copa-libertadores-2018";"2018-10-02";"2317";"Puerta de Prensa";"18:3:16";"ROJOS DE - PASION";"17";"3";"0"
"281";"RIVER PLATE VS INDEPENDIENTE";"2332-http://www.cariverplate.com.ar/river-plate-vs-independiente-cuartos-final-copa-libertadores-2018";"2018-10-02";"2332";"Puerta de Prensa";"18:5:16";"INDEPENDIENTE - DE AMERICA";"32";"3";"0"
"282";"RIVER PLATE VS INDEPENDIENTE";"2652-http://www.cariverplate.com.ar/river-plate-vs-independiente-cuartos-final-copa-libertadores-2018";"2018-10-02";"2652";"Playon de Prensa";"17:58:7";"DIRECTV ";"0";"0";"0"
"283";"RIVER PLATE VS INDEPENDIENTE";"2316-http://www.cariverplate.com.ar/river-plate-vs-independiente-cuartos-final-copa-libertadores-2018";"2018-10-02";"2316";"Puerta de Prensa";"18:5:44";"ROJOS DE - PASION";"16";"3";"0"
"284";"RIVER PLATE VS INDEPENDIENTE";"2351-http://www.cariverplate.com.ar/river-plate-vs-independiente-cuartos-final-copa-libertadores-2018";"2018-10-02";"2351";"Puerta de Prensa";"18:5:54";"RADIO DEL SUR - LA RIOJA";"44";"4";"0"
"285";"RIVER PLATE VS INDEPENDIENTE";"2352-http://www.cariverplate.com.ar/river-plate-vs-independiente-cuartos-final-copa-libertadores-2018";"2018-10-02";"2352";"Puerta de Prensa";"18:6:18";"RADIO DEL SUR - LA RIOJA";"45";"4";"0"
"286";"RIVER PLATE VS INDEPENDIENTE";"2237-http://www.cariverplate.com.ar/river-plate-vs-independiente-cuartos-final-copa-libertadores-2018";"2018-10-02";"2237";"Puerta de Prensa";"18:6:26";"PRENSA - INTERCLUBES";"0";"0";"2"
"287";"RIVER PLATE VS INDEPENDIENTE";"2336-http://www.cariverplate.com.ar/river-plate-vs-independiente-cuartos-final-copa-libertadores-2018";"2018-10-02";"2336";"Puerta de Prensa";"18:6:36";"MAS ROJO - RADIO";"36";"3";"0"
"288";"RIVER PLATE VS INDEPENDIENTE";"2585-http://www.cariverplate.com.ar/river-plate-vs-independiente-cuartos-final-copa-libertadores-2018";"2018-10-02";"2585";"Puerta de Prensa";"18:6:57";"RADIO MITRE - AM 790";"17";"1";"0"
"289";"RIVER PLATE VS INDEPENDIENTE";"2468-http://www.cariverplate.com.ar/river-plate-vs-independiente-cuartos-final-copa-libertadores-2018";"2018-10-02";"2468";"Playon de Prensa";"18:5:48";"RADIO - DEL PLATA (P.S.)";"0";"0";"0"
"290";"RIVER PLATE VS INDEPENDIENTE";"2471-http://www.cariverplate.com.ar/river-plate-vs-independiente-cuartos-final-copa-libertadores-2018";"2018-10-02";"2471";"Playon de Prensa";"18:8:39";"RADIO - DEL PLATA (P.S.)";"0";"0";"0"
"291";"RIVER PLATE VS INDEPENDIENTE";"2464-http://www.cariverplate.com.ar/river-plate-vs-independiente-cuartos-final-copa-libertadores-2018";"2018-10-02";"2464";"Puerta de Prensa";"18:7:18";"REVISTA - SIEMPRE RIVER";"0";"0";"0"
"292";"RIVER PLATE VS INDEPENDIENTE";"2470-http://www.cariverplate.com.ar/river-plate-vs-independiente-cuartos-final-copa-libertadores-2018";"2018-10-02";"2470";"Playon de Prensa";"18:8:52";"RADIO - DEL PLATA (P.S.)";"0";"0";"0"
"293";"RIVER PLATE VS INDEPENDIENTE";"2465-http://www.cariverplate.com.ar/river-plate-vs-independiente-cuartos-final-copa-libertadores-2018";"2018-10-02";"2465";"Puerta de Prensa";"18:9:6";"REVISTA - SIEMPRE RIVER";"0";"0";"0"
"294";"RIVER PLATE VS INDEPENDIENTE";"2469-http://www.cariverplate.com.ar/river-plate-vs-independiente-cuartos-final-copa-libertadores-2018";"2018-10-02";"2469";"Playon de Prensa";"18:9:9";"RADIO - DEL PLATA (P.S.)";"0";"0";"0"
"295";"RIVER PLATE VS INDEPENDIENTE";"2263-http://www.cariverplate.com.ar/river-plate-vs-independiente-cuartos-final-copa-libertadores-2018";"2018-10-02";"2263";"Puerta de Prensa";"18:9:24";"PRENSA - INTERCLUBES";"10";"1";"0"
"296";"RIVER PLATE VS INDEPENDIENTE";"2305-http://www.cariverplate.com.ar/river-plate-vs-independiente-cuartos-final-copa-libertadores-2018";"2018-10-02";"2305";"Puerta de Prensa";"18:10:35";"WEB OFICIAL - INDEPENDIENTE";"35";"2";"0"
"297";"RIVER PLATE VS INDEPENDIENTE";"2335-http://www.cariverplate.com.ar/river-plate-vs-independiente-cuartos-final-copa-libertadores-2018";"2018-10-02";"2335";"Puerta de Prensa";"18:10:47";"LA VOZ - DEL DIABLO";"35";"3";"0"
"298";"RIVER PLATE VS INDEPENDIENTE";"2733-http://www.cariverplate.com.ar/river-plate-vs-independiente-cuartos-final-copa-libertadores-2018";"2018-10-02";"2733";"Puerta de Prensa";"18:11:44";"RADIO UNICA - LA PLATA";"0";"0";"0"
"299";"RIVER PLATE VS INDEPENDIENTE";"2734-http://www.cariverplate.com.ar/river-plate-vs-independiente-cuartos-final-copa-libertadores-2018";"2018-10-02";"2734";"Puerta de Prensa";"18:13:40";"RADIO UNICA - LA PLATA";"0";"0";"0"
"300";"RIVER PLATE VS INDEPENDIENTE";"2349-http://www.cariverplate.com.ar/river-plate-vs-independiente-cuartos-final-copa-libertadores-2018";"2018-10-02";"2349";"Puerta de Prensa";"18:13:55";"RADIO - IMPACTO";"42";"4";"0"
"301";"RIVER PLATE VS INDEPENDIENTE";"2348-http://www.cariverplate.com.ar/river-plate-vs-independiente-cuartos-final-copa-libertadores-2018";"2018-10-02";"2348";"Puerta de Prensa";"18:15:4";"RADIO - IMPACTO";"41";"4";"0"
"302";"RIVER PLATE VS INDEPENDIENTE";"2347-http://www.cariverplate.com.ar/river-plate-vs-independiente-cuartos-final-copa-libertadores-2018";"2018-10-02";"2347";"Puerta de Prensa";"18:15:14";"RADIO - IMPACTO";"40";"4";"0"
"303";"RIVER PLATE VS INDEPENDIENTE";"2334-http://www.cariverplate.com.ar/river-plate-vs-independiente-cuartos-final-copa-libertadores-2018";"2018-10-02";"2334";"Puerta de Prensa";"18:15:24";"LA VISERA - RADIO";"34";"3";"0"
"304";"RIVER PLATE VS INDEPENDIENTE";"2604-http://www.cariverplate.com.ar/river-plate-vs-independiente-cuartos-final-copa-libertadores-2018";"2018-10-02";"2604";"Puerta de Prensa";"18:15:48";"PRENSA - INTERCLUBES";"47";"3";"0"
"305";"RIVER PLATE VS INDEPENDIENTE";"2605-http://www.cariverplate.com.ar/river-plate-vs-independiente-cuartos-final-copa-libertadores-2018";"2018-10-02";"2605";"Puerta de Prensa";"18:16:58";"PRENSA - INTERCLUBES";"48";"3";"0"
"306";"RIVER PLATE VS INDEPENDIENTE";"2200-http://www.cariverplate.com.ar/river-plate-vs-independiente-cuartos-final-copa-libertadores-2018";"2018-10-02";"2200";"Playon de Prensa";"18:9:29";"FOX SPORTS - TRANSMISION";"0";"0";"0"
"307";"RIVER PLATE VS INDEPENDIENTE";"2608-http://www.cariverplate.com.ar/river-plate-vs-independiente-cuartos-final-copa-libertadores-2018";"2018-10-02";"2608";"Puerta de Prensa";"18:17:25";"DIARIO - OLE";"0";"0";"0"
"308";"RIVER PLATE VS INDEPENDIENTE";"2578-http://www.cariverplate.com.ar/river-plate-vs-independiente-cuartos-final-copa-libertadores-2018";"2018-10-02";"2578";"Puerta de Prensa";"18:20:51";"RADIO - CLASICA";"0";"0";"0"
"309";"RIVER PLATE VS INDEPENDIENTE";"2579-http://www.cariverplate.com.ar/river-plate-vs-independiente-cuartos-final-copa-libertadores-2018";"2018-10-02";"2579";"Puerta de Prensa";"18:21:16";"RADIO - CLASICA";"0";"0";"0"
"310";"RIVER PLATE VS INDEPENDIENTE";"2477-http://www.cariverplate.com.ar/river-plate-vs-independiente-cuartos-final-copa-libertadores-2018";"2018-10-02";"2477";"Puerta de Prensa";"18:21:35";"LA BANDA - MILLONARIA";"0";"0";"0"
"311";"RIVER PLATE VS INDEPENDIENTE";"2542-http://www.cariverplate.com.ar/river-plate-vs-independiente-cuartos-final-copa-libertadores-2018";"2018-10-02";"2542";"Puerta de Prensa";"18:24:1";"RADIO - COOPERATIVA (R.D.)";"0";"0";"0"
"312";"RIVER PLATE VS INDEPENDIENTE";"2500-http://www.cariverplate.com.ar/river-plate-vs-independiente-cuartos-final-copa-libertadores-2018";"2018-10-02";"2500";"Puerta de Prensa";"18:28:34";"RADIO RIVER - AM 1050";"0";"0";"0"
"313";"RIVER PLATE VS INDEPENDIENTE";"2499-http://www.cariverplate.com.ar/river-plate-vs-independiente-cuartos-final-copa-libertadores-2018";"2018-10-02";"2499";"Puerta de Prensa";"18:41:15";"RADIO RIVER - AM 1050";"0";"0";"0"
"314";"RIVER PLATE VS INDEPENDIENTE";"2405-http://www.cariverplate.com.ar/river-plate-vs-independiente-cuartos-final-copa-libertadores-2018";"2018-10-02";"2405";"Puerta de Prensa";"18:41:29";"CN23 - TV";"0";"0";"0"
"315";"RIVER PLATE VS INDEPENDIENTE";"2406-http://www.cariverplate.com.ar/river-plate-vs-independiente-cuartos-final-copa-libertadores-2018";"2018-10-02";"2406";"Puerta de Prensa";"18:42:55";"CN23 - TV";"0";"0";"0"
"316";"RIVER PLATE VS INDEPENDIENTE";"2473-http://www.cariverplate.com.ar/river-plate-vs-independiente-cuartos-final-copa-libertadores-2018";"2018-10-02";"2473";"Puerta de Prensa";"18:43:9";"RADIO - SONICA (Y.Y.) ";"0";"0";"0"
"317";"RIVER PLATE VS INDEPENDIENTE";"2472-http://www.cariverplate.com.ar/river-plate-vs-independiente-cuartos-final-copa-libertadores-2018";"2018-10-02";"2472";"Puerta de Prensa";"18:48:0";"RADIO - SONICA (Y.Y.) ";"0";"0";"0"
"318";"RIVER PLATE VS INDEPENDIENTE";"2718-http://www.cariverplate.com.ar/river-plate-vs-independiente-cuartos-final-copa-libertadores-2018";"2018-10-02";"2718";"Puerta de Prensa";"18:48:14";"RADIO POPULAR - SAN LUIS";"0";"0";"0"
"319";"RIVER PLATE VS INDEPENDIENTE";"2719-http://www.cariverplate.com.ar/river-plate-vs-independiente-cuartos-final-copa-libertadores-2018";"2018-10-02";"2719";"Puerta de Prensa";"18:48:35";"RADIO POPULAR - SAN LUIS";"0";"0";"0"
"320";"RIVER PLATE VS INDEPENDIENTE";"2463-http://www.cariverplate.com.ar/river-plate-vs-independiente-cuartos-final-copa-libertadores-2018";"2018-10-02";"2463";"Puerta de Prensa";"18:48:46";"LA PÁGINA - MILLONARIA";"0";"0";"0"
"321";"RIVER PLATE VS INDEPENDIENTE";"2333-http://www.cariverplate.com.ar/river-plate-vs-independiente-cuartos-final-copa-libertadores-2018";"2018-10-02";"2333";"Puerta de Prensa";"18:49:1";"LA CALDERA - DEL DIABLO";"33";"3";"0"
"322";"RIVER PLATE VS INDEPENDIENTE";"2487-http://www.cariverplate.com.ar/river-plate-vs-independiente-cuartos-final-copa-libertadores-2018";"2018-10-02";"2487";"Puerta de Prensa";"18:49:9";"RIVER MONUMENTAL - WEB ";"0";"0";"0"
"323";"RIVER PLATE VS INDEPENDIENTE";"2277-http://www.cariverplate.com.ar/river-plate-vs-independiente-cuartos-final-copa-libertadores-2018";"2018-10-02";"2277";"Playon de Prensa";"18:19:55";"LA ORAL - DEPORTIVA";"29";"1";"0"
"324";"RIVER PLATE VS INDEPENDIENTE";"2560-http://www.cariverplate.com.ar/river-plate-vs-independiente-cuartos-final-copa-libertadores-2018";"2018-10-02";"2560";"Puerta de Prensa";"18:50:29";"FM CRISTAL - 89.7";"0";"0";"0"
"325";"RIVER PLATE VS INDEPENDIENTE";"2280-http://www.cariverplate.com.ar/river-plate-vs-independiente-cuartos-final-copa-libertadores-2018";"2018-10-02";"2280";"Playon de Prensa";"18:51:29";"BIBLIOTECAS - FUTBOLERAS";"32";"1";"0"
"326";"RIVER PLATE VS INDEPENDIENTE";"2485-http://www.cariverplate.com.ar/river-plate-vs-independiente-cuartos-final-copa-libertadores-2018";"2018-10-02";"2485";"Puerta de Prensa";"18:51:31";"RADIO KL - FM 91,7 (S.GARCIA)";"0";"0";"0"
"327";"RIVER PLATE VS INDEPENDIENTE";"2591-http://www.cariverplate.com.ar/river-plate-vs-independiente-cuartos-final-copa-libertadores-2018";"2018-10-02";"2591";"Puerta de Prensa";"18:53:54";"LA ORAL - DEPORTIVA";"32";"2";"0"
"328";"RIVER PLATE VS INDEPENDIENTE";"2592-http://www.cariverplate.com.ar/river-plate-vs-independiente-cuartos-final-copa-libertadores-2018";"2018-10-02";"2592";"Puerta de Prensa";"18:54:14";"LA ORAL - DEPORTIVA";"33";"2";"0"
"329";"RIVER PLATE VS INDEPENDIENTE";"2443-http://www.cariverplate.com.ar/river-plate-vs-independiente-cuartos-final-copa-libertadores-2018";"2018-10-02";"2443";"Puerta de Prensa";"18:54:26";"RIVER DESDE - LA TRIBUNA";"0";"0";"0"
"330";"RIVER PLATE VS INDEPENDIENTE";"2441-http://www.cariverplate.com.ar/river-plate-vs-independiente-cuartos-final-copa-libertadores-2018";"2018-10-02";"2441";"Puerta de Prensa";"18:56:32";"RIVER DESDE - LA TRIBUNA";"0";"0";"0"
"331";"RIVER PLATE VS INDEPENDIENTE";"2419-http://www.cariverplate.com.ar/river-plate-vs-independiente-cuartos-final-copa-libertadores-2018";"2018-10-02";"2419";"Playon de Prensa";"18:51:44";"TNT - SPORTS";"0";"0";"0"
"332";"RIVER PLATE VS INDEPENDIENTE";"2287-http://www.cariverplate.com.ar/river-plate-vs-independiente-cuartos-final-copa-libertadores-2018";"2018-10-02";"2287";"Puerta de Prensa";"18:56:42";"LA MAQUINA - RADIO";"46";"1";"0"
"333";"RIVER PLATE VS INDEPENDIENTE";"2497-http://www.cariverplate.com.ar/river-plate-vs-independiente-cuartos-final-copa-libertadores-2018";"2018-10-02";"2497";"Playon de Prensa";"19:0:59";"EL MAS GRANDE - AM 1050";"0";"0";"0"
"334";"RIVER PLATE VS INDEPENDIENTE";"2496-http://www.cariverplate.com.ar/river-plate-vs-independiente-cuartos-final-copa-libertadores-2018";"2018-10-02";"2496";"Playon de Prensa";"19:2:36";"EL MAS GRANDE - AM 1050";"0";"0";"0"
"335";"RIVER PLATE VS INDEPENDIENTE";"2498-http://www.cariverplate.com.ar/river-plate-vs-independiente-cuartos-final-copa-libertadores-2018";"2018-10-02";"2498";"Playon de Prensa";"19:2:50";"RADIO RIVER - AM 1050";"0";"0";"0"
"336";"RIVER PLATE VS INDEPENDIENTE";"2525-http://www.cariverplate.com.ar/river-plate-vs-independiente-cuartos-final-copa-libertadores-2018";"2018-10-02";"2525";"Playon de Prensa";"19:3:3";"RADIO BURZACO - FM 106,9";"0";"0";"0"
"337";"RIVER PLATE VS INDEPENDIENTE";"2688-http://www.cariverplate.com.ar/river-plate-vs-independiente-cuartos-final-copa-libertadores-2018";"2018-10-02";"2688";"Playon de Prensa";"19:3:45";"TORNEOS LOGISTICA";"0";"0";"0"
"338";"RIVER PLATE VS INDEPENDIENTE";"2684-http://www.cariverplate.com.ar/river-plate-vs-independiente-cuartos-final-copa-libertadores-2018";"2018-10-02";"2684";"Puerta de Prensa";"19:1:32";"TORNEOS LOGISTICA";"0";"0";"0"
"339";"RIVER PLATE VS INDEPENDIENTE";"2429-http://www.cariverplate.com.ar/river-plate-vs-independiente-cuartos-final-copa-libertadores-2018";"2018-10-02";"2429";"Puerta de Prensa";"19:7:40";"DIARIO OLÉ - (FARINELLA)";"0";"0";"0"
"340";"RIVER PLATE VS INDEPENDIENTE";"2651-http://www.cariverplate.com.ar/river-plate-vs-independiente-cuartos-final-copa-libertadores-2018";"2018-10-02";"2651";"Playon de Prensa";"19:5:44";"DIRECTV ";"0";"0";"0"
"341";"RIVER PLATE VS INDEPENDIENTE";"2722-http://www.cariverplate.com.ar/river-plate-vs-independiente-cuartos-final-copa-libertadores-2018";"2018-10-02";"2722";"Playon de Prensa";"19:23:14";"FOX SPORTS - RADIO";"51";"1";"0"
"342";"RIVER PLATE VS INDEPENDIENTE";"2723-http://www.cariverplate.com.ar/river-plate-vs-independiente-cuartos-final-copa-libertadores-2018";"2018-10-02";"2723";"Playon de Prensa";"19:23:43";"FOX SPORTS - RADIO";"52";"1";"0"
"343";"RIVER PLATE VS INDEPENDIENTE";"2606-http://www.cariverplate.com.ar/river-plate-vs-independiente-cuartos-final-copa-libertadores-2018";"2018-10-02";"2606";"Playon de Prensa";"19:24:5";"CLUB ATLETICO - TNT";"0";"0";"0"
"344";"RIVER PLATE VS INDEPENDIENTE";"2522-http://www.cariverplate.com.ar/river-plate-vs-independiente-cuartos-final-copa-libertadores-2018";"2018-10-02";"2522";"Playon de Prensa";"19:24:27";"LA GLORIA - MILLONARIA";"0";"0";"0"
"345";"RIVER PLATE VS INDEPENDIENTE";"2391-http://www.cariverplate.com.ar/river-plate-vs-independiente-cuartos-final-copa-libertadores-2018";"2018-10-02";"2391";"Playon de Prensa";"19:26:45";"DOMINGOL - TYC SPORTS";"0";"0";"0"
"346";"RIVER PLATE VS INDEPENDIENTE";"2396-http://www.cariverplate.com.ar/river-plate-vs-independiente-cuartos-final-copa-libertadores-2018";"2018-10-02";"2396";"Playon de Prensa";"19:27:7";"DOMINGOL - TYC SPORTS";"0";"0";"0"
